61706749;Katherine;Fisher;williamsullivan@buffalo.edu;4759382421948;Mechanical
90785928;Rachel;Collins;rachel57@buffalo.edu;5659387784080;Biomedical
63529189;Jennifer;Glover;cheryl53@buffalo.edu;1393328711587;Biomedical
83989837;Kelly;Martinez;sandraharris@buffalo.edu;8947196593423;Industrial
14425482;Chloe;Douglas;christophertodd@buffalo.edu;0186848339694;Computer Science
98616634;Danielle;Graves;qhoward@buffalo.edu;9533041352560;Biomedical
29643903;Melissa;Robinson;wwalters@buffalo.edu;1013991615109;Biomedical
34826513;Jennifer;Mendoza;bruce08@buffalo.edu;1413145620870;Electrical
62516202;James;Howard;mary92@buffalo.edu;3022584197207;Electrical
86385018;Nancy;Lowery;paul42@buffalo.edu;0715084237594;Electrical
89225729;Stacey;Schultz;jennifer66@buffalo.edu;1093523376960;Civil
86164848;Robert;Bates;griffinjonathon@buffalo.edu;8789007547063;Computer Science
94971734;Tiffany;Monroe;smithstefanie@buffalo.edu;0300891319344;Electrical
34457308;Craig;Nash;christopherhill@buffalo.edu;1428512400034;Computer Science
59243651;Sheena;Browning;curryjacqueline@buffalo.edu;7658236940224;Civil
59284947;Jennifer;Morgan;blake22@buffalo.edu;4568241730428;Industrial
50623768;Richard;Murphy;corykerr@buffalo.edu;5171760452296;Industrial
95748823;Christopher;Morton;walkerpaul@buffalo.edu;8847793615349;Industrial
67877506;James;Wilson;bfarrell@buffalo.edu;3176430392137;Civil
83335393;Margaret;Garcia;tony96@buffalo.edu;6875773893055;Industrial
14760469;Alicia;Baxter;eric69@buffalo.edu;7118013204075;Mechanical
29974213;Misty;Murray;patrickmoreno@buffalo.edu;1891634896769;Electrical
12749018;Diane;Smith;hunterjonathan@buffalo.edu;4466602234500;Computer Science
28911932;Travis;Boyer;emily25@buffalo.edu;9767017200992;Electrical
24132163;Isabel;Banks;logankimberly@buffalo.edu;0979519426418;Mechanical
35384259;Benjamin;Myers;jameskelly@buffalo.edu;0074089933188;Civil
50978227;Sonia;Thomas;ehenderson@buffalo.edu;1162076607541;Civil
26291079;Michael;Johnson;alejandromccann@buffalo.edu;1923031045093;Mechanical
35097601;Shawn;Woods;jonathan03@buffalo.edu;7448529118942;Civil
29720188;Sonya;Brock;johnfischer@buffalo.edu;6029061126486;Industrial
29096964;Brittany;Evans;johnchen@buffalo.edu;8066065735471;Mechanical
24578094;Joshua;Grant;laura76@buffalo.edu;6623758257173;Civil
70275621;Christine;Smith;kaylafuller@buffalo.edu;2671738640140;Biomedical
63476182;Alicia;Perkins;curtisking@buffalo.edu;3910144851832;Biomedical
48881795;Justin;Taylor;jason16@buffalo.edu;8644759221166;Electrical
28727815;Anita;Evans;julia37@buffalo.edu;8570742709305;Computer Science
11356953;Meghan;Werner;christopher60@buffalo.edu;1904432943167;Industrial
61557076;Gary;Fisher;xgraham@buffalo.edu;8523275667633;Computer Science
37416482;Brenda;Williams;jimmiller@buffalo.edu;0239491845670;Electrical
79273030;Elizabeth;Wong;jessica69@buffalo.edu;4735400025040;Biomedical
67410904;Erin;Arellano;sandrachavez@buffalo.edu;1915587540803;Civil
38130871;Molly;Reed;lking@buffalo.edu;8647530481077;Industrial
16371118;Sally;Jenkins;scottmiller@buffalo.edu;2637916860237;Chemical
47446211;Sarah;Flores;angelamitchell@buffalo.edu;3478978443019;Industrial
23274236;Gerald;Perry;hobbswendy@buffalo.edu;8860164195384;Chemical
42230520;Calvin;Parker;nathanielcastillo@buffalo.edu;2088559026228;Mechanical
28197343;Kathy;Harrington;khudson@buffalo.edu;2365992719089;Civil
71149986;Kyle;Benjamin;frank77@buffalo.edu;1429635460305;Industrial
43501948;Matthew;Alexander;diane45@buffalo.edu;4059802507003;Biomedical
40303084;Sonia;Murphy;icooper@buffalo.edu;3762542566064;Computer Science
72095809;Katherine;Cunningham;finleygeorge@buffalo.edu;9821532302821;Civil
90245880;Dale;Fuller;christina04@buffalo.edu;6007154273852;Industrial
64319439;Matthew;Pratt;bsmith@buffalo.edu;7089840761657;Biomedical
46648109;Jody;Johnson;brandi43@buffalo.edu;8564319539852;Mechanical
30542801;Mark;Burgess;velasquezannette@buffalo.edu;5445769620290;Computer Science
55814705;Sarah;Fry;staceycardenas@buffalo.edu;9318642821291;Mechanical
94842939;Laura;Jacobs;obaker@buffalo.edu;4488855362082;Industrial
85602853;Patrick;Marshall;gainesdana@buffalo.edu;3058235703934;Chemical
66369024;Christian;West;shannon81@buffalo.edu;2716644659514;Biomedical
11472300;Kathryn;Harris;ryanreid@buffalo.edu;0975929450678;Biomedical
20936333;Ashlee;Reed;leedaniel@buffalo.edu;0505624629264;Computer Science
31865651;David;Anderson;dawngallagher@buffalo.edu;8086259118243;Industrial
54015114;Isabella;King;selenalutz@buffalo.edu;7820928051379;Chemical
71561696;Alexa;Mckinney;otaylor@buffalo.edu;1850116959756;Computer Science
95438760;David;Stewart;grossandrew@buffalo.edu;3060460925160;Computer Science
91086543;Rachel;Avila;anna76@buffalo.edu;7436151105026;Electrical
97702474;Penny;Morris;kreese@buffalo.edu;0864081155170;Chemical
79336496;Connie;Mitchell;bennetteric@buffalo.edu;2222395076033;Electrical
54099796;George;Allen;johnssteven@buffalo.edu;2690290622005;Computer Science
15124704;Brandon;Frost;dylan26@buffalo.edu;6695325838612;Civil
98406728;Michael;Davis;tsanchez@buffalo.edu;3769144858099;Industrial
41811898;Joshua;Carr;gmyers@buffalo.edu;0260666179722;Civil
65176393;Erik;Sellers;fgill@buffalo.edu;2578034295460;Civil
67876477;Austin;Jenkins;jaredanderson@buffalo.edu;5206967116882;Chemical
37845333;Frank;Johnson;snyderrachel@buffalo.edu;4516425858268;Civil
60810347;Michael;Fry;tami61@buffalo.edu;2209981399814;Electrical
92450637;Gary;Miller;wilsonmichael@buffalo.edu;5175947328818;Mechanical
32548763;Anthony;Day;chaneyrobert@buffalo.edu;7640926279061;Electrical
64383448;Matthew;Hunter;timothygarcia@buffalo.edu;7867423852492;Computer Science
19192829;Timothy;Knight;christopherolson@buffalo.edu;4251202983006;Computer Science
90761861;Tracy;Vaughn;thansen@buffalo.edu;1033744307585;Biomedical
50904951;Ashley;Perez;patrickchang@buffalo.edu;3754692165873;Electrical
60189166;Crystal;Howard;teresasaunders@buffalo.edu;4174172532573;Biomedical
61527072;Theresa;Marshall;shariduarte@buffalo.edu;3684735801756;Mechanical
40518178;Lori;Reynolds;wiserichard@buffalo.edu;5212503006802;Biomedical
91154146;Catherine;Gaines;owensmelanie@buffalo.edu;9618233667063;Civil
15529154;Christina;Adams;jane57@buffalo.edu;9814114029263;Electrical
98587355;Luis;Fisher;anita71@buffalo.edu;7727852646198;Civil
41348127;Shawn;Bell;xjenkins@buffalo.edu;8673634772374;Civil
75254700;Carol;Noble;eboyd@buffalo.edu;8102505927636;Computer Science
32482958;Peter;Cobb;uwoodward@buffalo.edu;8352889962979;Mechanical
90270760;Scott;Sanchez;cbridges@buffalo.edu;0023793186457;Electrical
31905847;Nathan;Bridges;peter57@buffalo.edu;3126783500631;Industrial
88580965;Ashley;Gibbs;cynthia28@buffalo.edu;7468811970369;Industrial
51887161;Christopher;Johnson;taustin@buffalo.edu;8527419743668;Mechanical
40642780;Madison;Baker;moorecourtney@buffalo.edu;1876560169220;Biomedical
67682834;John;Soto;darrellcarter@buffalo.edu;3880588027045;Biomedical
23330865;Christina;Butler;djones@buffalo.edu;9270835183236;Chemical
68919479;Michael;Adams;zbailey@buffalo.edu;3752480154501;Electrical
49245884;Linda;Jackson;jamesspencer@buffalo.edu;1688611975243;Electrical
48484559;Anthony;Houston;joseph55@buffalo.edu;4038249066493;Chemical
51976399;Renee;Patel;werickson@buffalo.edu;0376031412270;Mechanical
58610141;Alicia;Martinez;campbellrichard@buffalo.edu;0285332342284;Computer Science
34326902;Jesse;Hoover;nicoleacevedo@buffalo.edu;8292384073062;Civil
62063520;Jason;Ferguson;davidmiller@buffalo.edu;1036746564129;Chemical
38171885;Michaela;Gill;lambheather@buffalo.edu;2984092555484;Biomedical
74350482;Lindsay;Mcconnell;rfranklin@buffalo.edu;2745596696849;Industrial
35341634;Ryan;Baker;taylorcarla@buffalo.edu;8875464780347;Electrical
12453309;James;Garcia;laurasmith@buffalo.edu;2925940009243;Civil
77082881;Joanna;Garrison;reynoldsdarrell@buffalo.edu;2098453635227;Electrical
92106343;Brittany;Russell;renee30@buffalo.edu;9028164593052;Civil
98184015;Julie;Tucker;robertaadams@buffalo.edu;7218486976296;Industrial
98164949;Lisa;Schroeder;ayalamary@buffalo.edu;7416441588100;Electrical
28588526;Pamela;Russell;bolson@buffalo.edu;2169303600962;Computer Science
49889546;Richard;Mcclain;cmercer@buffalo.edu;8282392197444;Chemical
11207086;Michelle;Atkins;kimberly04@buffalo.edu;2821505259115;Chemical
70540726;Martin;Washington;christopher57@buffalo.edu;6878681326852;Mechanical
29216415;Eric;Cruz;elizabeth84@buffalo.edu;5769597853806;Industrial
59121782;Matthew;Hunt;jonesdaniel@buffalo.edu;9380881095052;Civil
75235877;Timothy;Rocha;hsmith@buffalo.edu;7520782649730;Electrical
93628005;Carol;Cherry;alexanderbeth@buffalo.edu;9286635643343;Computer Science
59937705;Sheri;Allen;cynthiamorris@buffalo.edu;4828917732959;Chemical
21917949;Amber;Conway;joshuaharris@buffalo.edu;5003392871484;Electrical
66341640;Lisa;Allison;holly60@buffalo.edu;1052498748675;Chemical
22035146;Jessica;Cowan;zdavis@buffalo.edu;9859193001419;Mechanical
27232623;Kelsey;Johnston;xcarr@buffalo.edu;4422932234742;Industrial
46414747;James;Taylor;xrussell@buffalo.edu;9058724194930;Mechanical
37800791;Joy;Lowe;dustinryan@buffalo.edu;3275734315745;Computer Science
47946542;Jeffery;Tran;bennettstephanie@buffalo.edu;1827264832147;Mechanical
60488350;William;Cooper;tfitzgerald@buffalo.edu;8920497896373;Civil
21774297;Connor;Morales;steven20@buffalo.edu;3196618383371;Chemical
23373318;William;Munoz;april96@buffalo.edu;4790553037383;Industrial
29239924;Joel;Ruiz;mary46@buffalo.edu;4191759913263;Industrial
75084895;Justin;Holmes;jocelyn21@buffalo.edu;5153348666027;Biomedical
94483299;Donna;Rose;iburns@buffalo.edu;9643122786204;Industrial
86893067;Christopher;Richardson;mgarcia@buffalo.edu;9174948623198;Chemical
76661537;Debra;Burton;thomascarolyn@buffalo.edu;2299211414979;Industrial
87620505;Robert;Williams;careyshannon@buffalo.edu;4660433192383;Computer Science
11433642;Kathy;Fisher;tiffany59@buffalo.edu;6341743441527;Biomedical
96345273;Seth;Welch;odixon@buffalo.edu;9832041643774;Computer Science
27811994;Charlotte;Adams;kbenson@buffalo.edu;1064593562135;Industrial
73401614;Scott;Mcdaniel;melindaortiz@buffalo.edu;1872108673616;Biomedical
49772808;Carolyn;Turner;angela50@buffalo.edu;0155733597482;Mechanical
63730470;Alexis;Smith;jaredgardner@buffalo.edu;4118940312722;Computer Science
32522785;Scott;Decker;graysusan@buffalo.edu;1634637988526;Electrical
11123192;Brianna;Waller;justin85@buffalo.edu;7454223750579;Industrial
48428744;Emma;Smith;daniellori@buffalo.edu;6958207677503;Computer Science
19143031;Tracy;Anderson;stoneemily@buffalo.edu;9431608750394;Industrial
66221222;Shane;Palmer;tonimiller@buffalo.edu;6634768064726;Electrical
67919978;Samantha;Foster;nshannon@buffalo.edu;9478546925067;Mechanical
